{"cameraMode":{"drawMode":0,"name":"Shaded","section":"Shading Mode"},"sceneLighting":false,"audioPlay":false,"sceneViewState":{"m_AlwaysRefresh":false,"showFog":true,"showSkybox":false,"showFlares":true,"showImageEffects":true,"showParticleSystems":true,"showVisualEffectGraphs":true,"m_FxEnabled":true},"in2DMode":false,"pivot":{"x":2.8563320636749269,"y":0.4621274769306183,"z":-3.21439790725708},"rotation":{"x":-0.22185657918453217,"y":-0.029838576912879945,"z":0.006715692114084959,"w":-0.9746624231338501},"size":0.6484113931655884,"orthographic":false}